{
    "model_name": "Decision Tree",
    "best_cv_accuracy": 0.21599099099099098,
    "final_test_accuracy": 0.24504504504504504,
    "best_parameters": {
        "classifier__max_depth": null,
        "classifier__min_samples_split": 2
    },
    "classification_report": {
        "Arthritis": {
            "precision": 0.25501899077590884,
            "recall": 0.25241675617615467,
            "f1-score": 0.25371120107962214,
            "support": 1862.0
        },
        "Asthma": {
            "precision": 0.24262295081967214,
            "recall": 0.2416984213391399,
            "f1-score": 0.24215980365421325,
            "support": 1837.0
        },
        "Cancer": {
            "precision": 0.22501365374112506,
            "recall": 0.22330623306233063,
            "f1-score": 0.22415669205658326,
            "support": 1845.0
        },
        "Diabetes": {
            "precision": 0.24658283214871515,
            "recall": 0.24234282643739924,
            "f1-score": 0.24444444444444446,
            "support": 1861.0
        },
        "Hypertension": {
            "precision": 0.25242195909580195,
            "recall": 0.253650621957815,
            "f1-score": 0.2530347990288643,
            "support": 1849.0
        },
        "Obesity": {
            "precision": 0.24829753797799894,
            "recall": 0.25677139761646806,
            "f1-score": 0.25246338215712383,
            "support": 1846.0
        },
        "accuracy": 0.24504504504504504,
        "macro avg": {
            "precision": 0.244992987426537,
            "recall": 0.2450310427648846,
            "f1-score": 0.24499505373680855,
            "support": 11100.0
        },
        "weighted avg": {
            "precision": 0.245015317183526,
            "recall": 0.24504504504504504,
            "f1-score": 0.24501322257161928,
            "support": 11100.0
        }
    }
}