{
    "model_name": "Gradient Boosting",
    "best_cv_accuracy": 0.1931081081081081,
    "final_test_accuracy": 0.1918018018018018,
    "best_parameters": {
        "classifier__learning_rate": 0.1,
        "classifier__max_depth": 5,
        "classifier__n_estimators": 200
    },
    "classification_report": {
        "Arthritis": {
            "precision": 0.2075368651010377,
            "recall": 0.20408163265306123,
            "f1-score": 0.2057947468183049,
            "support": 1862.0
        },
        "Asthma": {
            "precision": 0.17872340425531916,
            "recall": 0.1829069134458356,
            "f1-score": 0.18079096045197743,
            "support": 1837.0
        },
        "Cancer": {
            "precision": 0.17988505747126438,
            "recall": 0.16964769647696476,
            "f1-score": 0.17461645746164575,
            "support": 1845.0
        },
        "Diabetes": {
            "precision": 0.19488188976377951,
            "recall": 0.21278882321332618,
            "f1-score": 0.2034420755201644,
            "support": 1861.0
        },
        "Hypertension": {
            "precision": 0.2028409090909091,
            "recall": 0.19307733910221742,
            "f1-score": 0.19783873649210312,
            "support": 1849.0
        },
        "Obesity": {
            "precision": 0.18686052773290254,
            "recall": 0.18797399783315277,
            "f1-score": 0.18741560896570347,
            "support": 1846.0
        },
        "accuracy": 0.1918018018018018,
        "macro avg": {
            "precision": 0.1917881089025354,
            "recall": 0.19174606712075962,
            "f1-score": 0.19164976428498318,
            "support": 11100.0
        },
        "weighted avg": {
            "precision": 0.19182964319135667,
            "recall": 0.1918018018018018,
            "f1-score": 0.191698100667596,
            "support": 11100.0
        }
    }
}